day,forecast_date,lat,lon,predicted_risk,risk_band,recent_fire_score,hotspot_score,temp_c,humidity,wind_kph
1,2026-04-28,8.0,76.0,0.3682492291437002,low,6.577159068161091e-11,2.6208754187150544e-06,37.410248402855444,54.066068749509,16.040415932545645
1,2026-04-28,8.0,76.25,0.361566166391487,low,4.892205911785867e-10,7.70335324192673e-06,37.53176662489284,49.77243591991107,16.21257869828705
1,2026-04-28,8.0,76.5,0.3615687083963931,low,4.87813229953791e-09,2.2110363462587904e-05,37.17796405964468,49.16998400678225,16.324222909921506
1,2026-04-28,8.0,76.75,0.3657300548935938,low,1.2693155398724327e-07,8.545946683467638e-05,37.08764044656454,50.42237944768353,15.13091334303236
1,2026-04-28,8.0,77.0,0.3675941483180975,low,2.428544190025865e-06,0.00033285175085355387,36.78496834201199,51.338035008778036,15.18857684288322
1,2026-04-28,8.0,77.25,0.36659481564277074,low,2.2370218846472415e-05,0.0010973602320642987,37.616652334457996,52.946148514520495,13.633702092062979
1,2026-04-28,8.0,77.5,0.36623393414994687,low,8.551296156243557e-05,0.0028748288126053284,37.3537362709049,50.371523900558266,13.891157240427413
1,2026-04-28,8.0,77.75,0.3676193426289729,low,0.0002077660814212092,0.005385195621033991,37.413040205994946,48.73301334197607,13.734717871014857
1,2026-04-28,8.0,78.0,0.3668969554068656,low,0.00028657918760247085,0.006475472111865754,37.13882666835184,52.01440237089224,13.543374348302931
1,2026-04-28,8.0,78.25,0.37381067504180576,low,0.00014395282132777481,0.004681184409517685,37.697031098281535,50.378580104509254,12.58560511250905
1,2026-04-28,8.0,78.5,0.3733173297993331,low,2.3208252495509678e-05,0.0019793134047981172,37.61087360017311,49.548545193500175,13.447600956727866
1,2026-04-28,8.0,78.75,0.3754677374199517,low,1.1783938328758616e-06,0.00048721755651403155,37.30895197514943,49.78590400833824,12.882983985376118
1,2026-04-28,8.0,79.0,0.3753951260097484,low,1.9305615280167815e-08,7.649895914220634e-05,37.1864048772305,51.252165184178054,13.8799001606489
1,2026-04-28,8.0,79.25,0.37539027421616855,low,3.8871188395380056e-08,4.8979087439856455e-05,37.24210510984585,48.59446904937305,14.48582070960486
1,2026-04-28,8.0,79.5,0.37609776975124676,low,9.54142505841126e-07,0.00018611142248481981,37.11870347968176,53.13172574633683,14.198042197952136
1,2026-04-28,8.0,79.75,0.3713127011552968,low,6.482933103775067e-06,0.0004553769950839815,37.350429032603834,50.8266746414938,15.851315150039296
1,2026-04-28,8.0,80.0,0.3713409054319936,low,1.2111840192899998e-05,0.0006108424722621789,37.17085559547538,51.12383433084617,15.88093835629308
1,2026-04-28,8.0,80.25,0.36442001720872164,low,6.221284459632945e-06,0.0004456719584637574,37.5069186571351,52.52922194429072,15.743256214015341
1,2026-04-28,8.0,80.5,0.3643718233649986,low,8.785768246481886e-07,0.00017666206932096817,37.24164399025154,50.016658003963,16.890790635066157
1,2026-04-28,8.25,76.0,0.36584035579699303,low,2.8226524680799054e-08,4.677856747751082e-05,37.08036527003752,51.15120989155109,16.48674291576475
1,2026-04-28,8.25,76.25,0.3615866047311824,low,1.909748161135656e-07,0.00012341728970386668,37.61009360321622,50.944045220991,16.114556681703373
1,2026-04-28,8.25,76.5,0.36402544241311063,low,6.669755086784308e-07,0.0002487293167193218,36.97677144951274,51.73448392391429,15.362366183643665
1,2026-04-28,8.25,76.75,0.368328960766126,low,7.373750648584395e-06,0.0006216754914522351,36.741886564265116,54.48134070099102,15.336473292507335
1,2026-04-28,8.25,77.0,0.366057031158908,low,7.2219184169303e-05,0.001882422500291006,37.28664355630234,49.503584124439485,14.11477355348828
1,2026-04-28,8.25,77.25,0.3696649640281264,low,0.00047520378527083777,0.005523767503446817,36.611830210910895,50.89708217687905,14.67897204977893
1,2026-04-28,8.25,77.5,0.3691567119034538,low,0.0017886686406109395,0.014232775761693022,37.29091757079219,53.83986584175099,14.91630862729015
1,2026-04-28,8.25,77.75,0.3687662039530298,low,0.004655009497777934,0.02733970551232249,37.52795954231501,49.43642997969318,13.50094951190752
1,2026-04-28,8.25,78.0,0.37089835946271965,low,0.006610900676749142,0.03401708905944681,37.29180458382565,52.86237368021038,12.270059126767016
1,2026-04-28,8.25,78.25,0.3779555166932788,low,0.003422285948991299,0.0256021859966997,37.249743727864534,50.838989788225774,12.586705648610245
1,2026-04-28,8.25,78.5,0.3823921317321463,low,0.0005879534962267598,0.011389075037653514,36.6341000422007,52.36471504171722,13.029075458610171
1,2026-04-28,8.25,78.75,0.3759163803150034,low,3.355800925855103e-05,0.003005103499562044,37.342309937090285,51.81602581297991,13.572168646140547
1,2026-04-28,8.25,79.0,0.3754764781881804,low,7.158889776049926e-07,0.0005371317934846047,37.291647253828884,51.506951552934574,13.930571839943147
1,2026-04-28,8.25,79.25,0.37785747839601064,low,1.7094623612729335e-06,0.00033416031895257297,36.85202594456548,49.816224320598515,15.047679385376085
1,2026-04-28,8.25,79.5,0.37316752485384375,low,4.0061889752293186e-05,0.0011168368763792525,37.71785734596456,50.84685113828622,14.779117541462016
1,2026-04-28,8.25,79.75,0.3783078469755561,low,0.0002718426248340181,0.0026750226955212474,36.843601987879296,51.992188347034855,15.141686173447013
1,2026-04-28,8.25,80.0,0.3761693372664315,low,0.0005078210222567781,0.0035752724781903866,36.71866269103752,50.48135395966004,15.904904292396884
1,2026-04-28,8.25,80.25,0.36907332441872887,low,0.00026082531933748084,0.0026067717431293574,36.67904711564285,49.51451430582051,16.39510543095627
1,2026-04-28,8.25,80.5,0.36452789226703564,low,3.683147772612443e-05,0.001033157704083075,37.189230406781945,49.68149316239253,16.568558052005745
1,2026-04-28,8.5,76.0,0.3683324410763368,low,3.398623401968651e-06,0.0004716735542681469,37.112631171226944,53.04268605446114,16.735832892475344
1,2026-04-28,8.5,76.25,0.3641922835985552,low,2.2346338983185237e-05,0.001177507240001921,37.143268525912944,53.28890012680617,16.114694967158137
1,2026-04-28,8.5,76.5,0.3619074533267446,low,4.803664833705006e-05,0.0019046938498636901,36.927165355988706,50.03874660326667,16.244618394028365
1,2026-04-28,8.5,76.75,0.368105035921,low,0.0001723069235585685,0.0030955641064206374,36.79718387271874,50.99932978414189,14.835188034105308
1,2026-04-28,8.5,77.0,0.3677552169695239,low,0.0009929742368560443,0.006912981603135881,37.2712274705946,52.71553944914037,15.087411649624142
1,2026-04-28,8.5,77.25,0.36931479417087254,low,0.0034975583927476755,0.01765912883620736,36.81380355998808,51.23755755960555,14.961176731434422
1,2026-04-28,8.5,77.5,0.37025626484881297,low,0.01122530659713037,0.044324310866515365,36.80251311527772,50.54012999300436,14.114571892873045
1,2026-04-28,8.5,77.75,0.39961383110671694,low,0.03205843493093514,0.08755718397461563,37.66813001711113,50.6392075469987,12.956502313050008
1,2026-04-28,8.5,78.0,0.408815939787037,medium,0.04855142782820957,0.11385032326014682,37.41236138708167,47.78857069905592,13.169159115555084
1,2026-04-28,8.5,78.25,0.4107059090378664,medium,0.027317944831263423,0.0904743678347964,37.40862339322459,48.81186249809186,13.09369768294624
1,2026-04-28,8.5,78.5,0.38289203260667415,low,0.0054823293308148766,0.04308031491570904,37.30579294048984,51.57231714136853,13.153842695960007
1,2026-04-28,8.5,78.75,0.38006617784532315,low,0.0004033706305062819,0.012539541336002828,36.888263626856286,51.194034198692684,13.052967949957702
1,2026-04-28,8.5,79.0,0.37828621446375044,low,1.8139914185300543e-05,0.0027517272527225363,36.87447703565726,51.6828644848296,14.91829430324437
1,2026-04-28,8.5,79.25,0.3756640948440173,low,3.0501762654192733e-05,0.0015773150913606356,37.200157074215966,51.17815729753007,14.799276875526209
1,2026-04-28,8.5,79.5,0.378542389881073,low,0.00046868123201103905,0.0038499720978014762,36.854188101771975,49.21202201788357,14.922443714791342
1,2026-04-28,8.5,79.75,0.3731889409235136,low,0.003134971525497682,0.008633558680520539,37.13643786301189,51.53568999181432,16.473008000311715
1,2026-04-28,8.5,80.0,0.37888822946278533,low,0.005853622034030991,0.011406519255666164,37.02776841238448,52.70826102190792,15.635488029838557
1,2026-04-28,8.5,80.25,0.3721913805252126,low,0.0030062717994763706,0.00829866002114274,36.70695767464755,51.670529737717175,15.573261109583216
1,2026-04-28,8.5,80.5,0.3649792762870396,low,0.00042448945947460713,0.0032874356164052667,37.2961316195924,52.052899709964755,16.588190232768696
1,2026-04-28,8.75,76.0,0.37074344846927443,low,0.0001167939291464204,0.0027159100237037054,36.50019995507726,49.72236039495468,16.86674670635453
1,2026-04-28,8.75,76.25,0.3647243436578465,low,0.0007532668034767217,0.006572460967862376,36.936823255245166,50.63452050976069,15.727568897327801
1,2026-04-28,8.75,76.5,0.36531589538087056,low,0.001398935347383691,0.00941861778667511,36.898237947429244,50.30879567544609,16.22881533316359
1,2026-04-28,8.75,76.75,0.36560370335897524,low,0.0016433706417996162,0.01085812598564701,37.23801406231803,50.21769701762126,15.902225257520241
1,2026-04-28,8.75,77.0,0.37436673040083557,low,0.005593011058293596,0.01740974807421594,36.591303387207454,49.951044359549904,14.440586468906082
1,2026-04-28,8.75,77.25,0.37135961256131034,low,0.01198538373963965,0.03923502350008125,36.815113659318705,51.335938262272556,14.314765170954999
1,2026-04-28,8.75,77.5,0.40255456381191934,medium,0.02729041734399261,0.0956385473342857,37.09879530177487,50.482101737934876,13.623532528034252
1,2026-04-28,8.75,77.75,0.4347103862600812,medium,0.08700344130968632,0.19195063202090357,37.494827483146366,49.30517392120127,13.140033808335732
1,2026-04-28,8.75,78.0,0.7236193406085639,high,0.1508723476496126,0.2594850333618607,37.93911392236194,49.38664788318621,13.423309291773611
1,2026-04-28,8.75,78.25,0.6211465267691594,medium,0.1030043252737823,0.21808981113003031,37.617142855756505,47.937469202075604,12.826284920232457
1,2026-04-28,8.75,78.5,0.4190807945661106,medium,0.026794487155193204,0.11232665042761958,37.174402124829,50.16133588975226,12.965410981447837
1,2026-04-28,8.75,78.75,0.3818526185577587,low,0.0027402902618654207,0.03748356442488023,37.238521238674245,50.84308476675705,13.637797746857036
1,2026-04-28,8.75,79.0,0.37925605094090553,low,0.0004217821285680279,0.01088555390195017,37.468703747665565,48.67533926628782,13.79512774732676
1,2026-04-28,8.75,79.25,0.38262140001490025,low,0.00050592329962257,0.005879238816510838,36.490005253553235,49.51258752866113,14.134229582511947
1,2026-04-28,8.75,79.5,0.38142335694184326,low,0.0017362455589775604,0.008439151990477924,36.87590253508571,51.612993703371664,14.690448773606054
1,2026-04-28,8.75,79.75,0.37902799632324036,low,0.009984567640246824,0.015779034497657912,37.11931052838434,50.19650880921346,15.203524255686531
1,2026-04-28,8.75,80.0,0.37856380987897975,low,0.018557138653803217,0.02011192497343519,36.95272306008812,50.629221410079424,15.76591486366706
1,2026-04-28,8.75,80.25,0.36828241543101115,low,0.009528327229200648,0.014528584134696461,37.3046145201394,48.835385718434274,16.423043435594632
1,2026-04-28,8.75,80.5,0.37167287873025223,low,0.0013452772369458652,0.005744515301849927,36.77676756276699,51.39513659328805,16.35019772493378
1,2026-04-28,9.0,76.0,0.3898612761382188,low,0.0012016589590390498,0.009166165868168598,36.432175273238045,50.53575615575111,16.715029360072332
1,2026-04-28,9.0,76.25,0.37961509483059136,low,0.0075452422399415325,0.021705991066895483,36.999249641819,51.01530516353503,16.14607684277341
1,2026-04-28,9.0,76.5,0.3835554633054554,low,0.013293499955885215,0.029208970280857175,36.00527227407994,50.89207122088239,15.675157145436856
1,2026-04-28,9.0,76.75,0.3830914675278024,low,0.008215089351259258,0.027284638914672452,36.6369643310803,48.405325147614654,15.820160845309653
1,2026-04-28,9.0,77.0,0.38512477853374316,low,0.011075563812604498,0.03291636436241027,37.450393877706766,52.1347868461391,14.740341444329625
1,2026-04-28,9.0,77.25,0.4033675163392306,medium,0.022499229204947527,0.06709259968394855,36.89484856834027,48.32119965862753,14.522998281262746
1,2026-04-28,9.0,77.5,0.43758355686904793,medium,0.049794852190597635,0.15568809043097356,37.242808389947065,48.39928161611802,13.708910751708665
1,2026-04-28,9.0,77.75,0.743001734541357,high,0.1541771048661105,0.30516742544358855,37.38422705584853,45.630604387592825,13.983736805474717
1,2026-04-28,9.0,78.0,0.7917256039558276,high,0.29050498933914726,0.4178662836361784,38.10386670288948,45.425058172601425,13.700852118371168
1,2026-04-28,9.0,78.25,0.7754528526406923,high,0.23415085167115313,0.3684318858282608,37.87348938230493,45.11657351192186,12.859649355087438
1,2026-04-28,9.0,78.5,0.45724435319587686,medium,0.07357370876405427,0.2090285063127582,37.82634531212017,49.348783190404916,13.871776060418844
1,2026-04-28,9.0,78.75,0.42837505172974366,medium,0.012366313645280676,0.08469867453701507,36.634687534658546,50.23011367404134,12.622701636003464
1,2026-04-28,9.0,79.0,0.40169778018954805,medium,0.005200556277734172,0.03268881199923993,36.00622195187079,50.60119256677924,13.666824873567508
1,2026-04-28,9.0,79.25,0.39946131223394094,low,0.004861056901999608,0.016895469670977402,36.85391699786398,49.703290450384465,14.683624203221967
1,2026-04-28,9.0,79.5,0.3964280429549814,low,0.004068681030687119,0.014022571051198345,37.16590919027666,50.2134591591136,14.203625377915975
1,2026-04-28,9.0,79.75,0.3997125995489296,low,0.009308660099615923,0.01820715763228293,36.55638350921281,50.83876776671641,15.237564961054971
1,2026-04-28,9.0,80.0,0.3963708173921726,low,0.016430885754865912,0.021066628725018834,36.25515708802933,51.064166415631846,15.788359099932402
1,2026-04-28,9.0,80.25,0.385544194206225,low,0.008410350775935332,0.014884354393048353,36.439417671920765,49.9337514014345,16.103745188874804
1,2026-04-28,9.0,80.5,0.3848534139786629,low,0.0011855812598581775,0.005840462278728839,36.82925993154238,52.96479668824707,16.639277376575432
1,2026-04-28,9.25,76.0,0.39109266472306475,low,0.004227750126420442,0.018901244345992135,36.424234232322,51.2345545700825,17.195156339609525
1,2026-04-28,9.25,76.25,0.393630862994863,low,0.02537870434648326,0.04387219290257645,36.68334124688588,48.810359637032434,16.843326018379397
1,2026-04-28,9.25,76.5,0.40516519180549754,medium,0.042571014424983504,0.05728461752888696,36.06736548209965,52.16557336957788,15.34556284120176
1,2026-04-28,9.25,76.75,0.3963698660373628,low,0.021064961304712672,0.05001043764011889,36.53519819661466,47.95727027860138,14.932909571556442
1,2026-04-28,9.25,77.0,0.39735539575459045,low,0.011367129308109016,0.05464495125731168,36.90016352967571,50.87634318625437,15.224869132906612
1,2026-04-28,9.25,77.25,0.42605362590795104,medium,0.029884936259584993,0.10089831977596583,36.74421858233853,48.86736105878602,14.094075872544206
1,2026-04-28,9.25,77.5,0.4546041902316641,medium,0.07810849324597591,0.20469634715489105,36.852110103132986,50.229615982943855,14.940865446828857
1,2026-04-28,9.25,77.75,0.765964178788212,high,0.19284329035677242,0.36511050336354034,37.98220249244446,46.452180142620264,13.645052133463155
1,2026-04-28,9.25,78.0,0.8078134320959109,high,0.3269796153869062,0.48880526756727904,38.44794354334568,41.2312229529879,13.335211140703585
1,2026-04-28,9.25,78.25,0.79623701244985,high,0.281785045655707,0.4516845366022287,37.88947914300138,45.02994879226298,12.714250306009555
1,2026-04-28,9.25,78.5,0.7318946990528163,high,0.12288989863731989,0.29243318666251134,37.207397995013196,43.82019438964795,12.903920974156833
1,2026-04-28,9.25,78.75,0.450990284503897,medium,0.04896451631315655,0.14854494898397055,37.31924380282231,50.08333409714429,13.200770525316173
1,2026-04-28,9.25,79.0,0.4195452927262226,medium,0.025254263909567597,0.0693955795240455,36.580372949975185,49.98577655273776,14.667372216559363
1,2026-04-28,9.25,79.25,0.4032325960440701,medium,0.015404570706339524,0.03337214224140179,36.58653348033457,49.28547292398297,14.56155649458914
1,2026-04-28,9.25,79.5,0.39688033750552765,low,0.008400019017519722,0.019460522414469154,37.092867974958835,52.15266561418329,14.01104246914441
1,2026-04-28,9.25,79.75,0.40035180003842674,medium,0.00542936756425055,0.017455951754402184,36.63201579163054,51.9091106263788,15.041011027306046
1,2026-04-28,9.25,80.0,0.3992858515204355,low,0.007181526406777671,0.01745739461702486,36.443311125669865,51.082504080826624,15.981235870464568
1,2026-04-28,9.25,80.25,0.38846305310505624,low,0.003466374363626545,0.011786895966692683,36.00968594011587,51.3077059202982,16.384674344717688
1,2026-04-28,9.25,80.5,0.38676539140451843,low,0.00046597262380485444,0.00452042193382132,36.55105666590984,51.581592513075336,17.174271717564675
1,2026-04-28,9.5,76.0,0.3925651639773841,low,0.006655303531599328,0.025341382397928477,36.41405711423572,50.222708254606026,16.95127994578624
1,2026-04-28,9.5,76.25,0.39829178393333375,low,0.03741525747332591,0.05719332799615614,36.383211874333654,50.90511333149201,16.28152214863829
1,2026-04-28,9.5,76.5,0.4205259349761492,medium,0.05871717064528971,0.07413494341576056,36.887217986904126,47.16275323882042,15.864956094549978
1,2026-04-28,9.5,76.75,0.42082934381158776,medium,0.0276813268441051,0.0703657242945005,36.21588134830676,45.28704964411664,15.61083096038455
1,2026-04-28,9.5,77.0,0.4195370766471464,medium,0.022099657378598373,0.09063689506985478,36.1769179526013,50.45814197543914,15.266883124693189
1,2026-04-28,9.5,77.25,0.44217614151531637,medium,0.06000586174577701,0.154027166909797,36.60642649123385,49.31758009559428,14.319596211079972
1,2026-04-28,9.5,77.5,0.7123368259624269,high,0.09888728150811835,0.24462443169553205,37.087364833660324,46.460640342950484,14.00152481440477
1,2026-04-28,9.5,77.75,0.7621011627026483,high,0.170161537348742,0.3581827680996566,37.04950084037334,44.006512312747844,13.927639334211197
1,2026-04-28,9.5,78.0,0.7813238634102373,high,0.24517190654480533,0.4458536630108443,37.455767111978396,45.784873989449466,13.298816515108086
1,2026-04-28,9.5,78.25,0.7727780394890401,high,0.24329892496287955,0.428570452366106,37.50314252781239,43.442726768948475,12.744323509827506
1,2026-04-28,9.5,78.5,0.7550130784520461,high,0.18033686348417283,0.3182379117887984,37.367221433298674,45.09682909756455,13.410912338139061
1,2026-04-28,9.5,78.75,0.6250237823638477,medium,0.10795925286146785,0.19291429964571505,36.77129484896697,46.615502004824464,13.19710060821178
1,2026-04-28,9.5,79.0,0.4358072718491991,medium,0.047117156819437796,0.09824680938796507,36.926000912111334,50.662334786868875,14.212337942634097
1,2026-04-28,9.5,79.25,0.41188250417288563,medium,0.01646751011773477,0.04337537286267947,35.8551774618443,47.33015877270749,14.922247234680247
1,2026-04-28,9.5,79.5,0.3999672479290859,low,0.007368151672278608,0.021175427746711602,36.51872728404882,50.49547608339732,14.85536916156544
1,2026-04-28,9.5,79.75,0.40182086369248143,medium,0.008320238756064408,0.017235460779115704,36.229334629888506,49.80096152024092,15.270519866141887
1,2026-04-28,9.5,80.0,0.4039807769668475,medium,0.012114328142083968,0.016669890802608577,36.5286285798337,50.582094542919684,15.314399526715595
1,2026-04-28,9.5,80.25,0.3867822345085149,low,0.005518213595109767,0.010964508824212701,36.92864093903615,51.833744285057655,16.054323124847034
1,2026-04-28,9.5,80.5,0.38672316987893246,low,0.000694197662795441,0.004101751208253999,36.33221430526482,50.33330636045468,16.380567661590696
1,2026-04-28,9.75,76.0,0.39254895621867836,low,0.005984684463240514,0.02577641666192401,36.30485342952208,50.325306943062,17.25833288198707
1,2026-04-28,9.75,76.25,0.4022789365333648,medium,0.029870558580836763,0.05370610677443637,36.58449052623375,47.590773389184335,16.27903928546804
1,2026-04-28,9.75,76.5,0.4048910302908769,medium,0.043055264562638015,0.07019497146300513,36.03717922730865,49.14918483255646,15.818841202612079
1,2026-04-28,9.75,76.75,0.4157128076114215,medium,0.023305820701875847,0.08626195197165495,36.60756216300866,48.370579273246996,15.942361453797288
1,2026-04-28,9.75,77.0,0.4349131349121491,medium,0.05021730913607297,0.1507397485433199,36.845733322738646,49.19746987340225,15.006037757666917
1,2026-04-28,9.75,77.25,0.7258093001871606,high,0.12357603535437005,0.24680099788020632,36.914314655711586,46.86973461233972,14.820137025160522
1,2026-04-28,9.75,77.5,0.7360716266222856,high,0.13413650898853388,0.30742804124985734,37.29926224331122,45.76349679447686,13.987475745671837
1,2026-04-28,9.75,77.75,0.7475828260418079,high,0.14681564631422983,0.3353222456310796,37.238204299002476,46.170810842701464,13.850838534631837
1,2026-04-28,9.75,78.0,0.7614120158036418,high,0.17605268526061116,0.34947420463750983,37.06242869042681,44.322575872569246,13.164506537822714
1,2026-04-28,9.75,78.25,0.7557931999380382,high,0.1721485847090063,0.32615850310578176,36.845291386946826,44.306929013680055,13.328548958905195
1,2026-04-28,9.75,78.5,0.732078037408768,high,0.1440385860364671,0.2609940608436585,37.289768760724535,43.260017162277165,13.155780743445712
1,2026-04-28,9.75,78.75,0.4650872679945599,medium,0.0946784201619476,0.17626091874075608,37.23873785697845,48.15558606305684,12.9188314872103
1,2026-04-28,9.75,79.0,0.4359416423883334,medium,0.038352518153450296,0.09557682659969294,36.245931392482646,49.622475234771116,13.753821968650268
1,2026-04-28,9.75,79.25,0.40615488119552773,medium,0.008380914431655031,0.04175704725535971,36.39657608922261,50.40948536331106,13.877732640230077
1,2026-04-28,9.75,79.5,0.3991452239793819,low,0.0030668427132215497,0.019895027928238277,35.89268115556568,49.976946825183305,15.084952902999573
1,2026-04-28,9.75,79.75,0.39868461727500115,low,0.007511169401363317,0.016196131085725676,36.097845317849696,52.26955217729401,15.63866853859661
1,2026-04-28,9.75,80.0,0.3995259879251072,low,0.01187732430481741,0.015129156612508616,36.09414190987708,49.7441544210596,15.866422080823003
1,2026-04-28,9.75,80.25,0.3896565770336039,low,0.005402223500830637,0.009609073327091487,35.89185403277388,53.3998584917766,15.996212183461942
1,2026-04-28,9.75,80.5,0.38661698875897765,low,0.0006774407742808322,0.0035129835483520837,36.1688812619081,50.604124044910655,16.180091409365634
1,2026-04-28,10.0,76.0,0.39223050370104984,low,0.007534003794880323,0.029869173427408215,36.379367188539675,49.48250837682671,16.818978931178947
1,2026-04-28,10.0,76.25,0.38950349597126865,low,0.020996015131140248,0.05029144117814401,36.327156025749204,49.73791198677775,16.10842129444565
1,2026-04-28,10.0,76.5,0.4002716835652589,medium,0.02081709637458706,0.06452794955299676,36.06077114666672,50.010102733526594,16.32898330479526
1,2026-04-28,10.0,76.75,0.42371662407068306,medium,0.018701283697288355,0.11041606638235353,36.7145811551068,50.09168825208525,15.324601710926727
1,2026-04-28,10.0,77.0,0.6863904220960565,medium,0.08922554727409342,0.23919260257664698,36.78975258397332,50.12526810979692,15.23031889931088
1,2026-04-28,10.0,77.25,0.7687355721107428,high,0.21502006455978304,0.38376785311546,37.757764620782744,45.07111449384554,14.386897529122995
1,2026-04-28,10.0,77.5,0.7686333218985075,high,0.21313808083032995,0.4117867663922632,36.95448040183421,45.54092304083952,14.597811775147848
1,2026-04-28,10.0,77.75,0.7425291043877151,high,0.14274672754916812,0.33602948584630127,37.88477609408741,47.23366780719625,13.26175694132199
1,2026-04-28,10.0,78.0,0.719197433498352,high,0.10778142279843048,0.25531106846082996,36.744818362532826,47.79129719653186,13.089355386391377
1,2026-04-28,10.0,78.25,0.4685192945763367,medium,0.07628003797899634,0.19989550403307405,36.28455769993773,50.757555136062685,13.032049547155674
1,2026-04-28,10.0,78.5,0.45678925891041344,medium,0.05940343595938249,0.15954600842347486,36.195069115088785,48.21388792336056,13.762396773127008
1,2026-04-28,10.0,78.75,0.450608804634432,medium,0.05707138558574001,0.12108565016723957,36.65701507787769,48.29805288761413,12.907245355344209
1,2026-04-28,10.0,79.0,0.42455731131083796,medium,0.029850956030144267,0.07743269442864323,36.50538890697901,48.187500450921156,13.424421485653205
1,2026-04-28,10.0,79.25,0.40533289166707465,medium,0.010158849896885942,0.04281565885678374,36.36789044389408,50.06888340393716,14.605903754856353
1,2026-04-28,10.0,79.5,0.39823098542909496,low,0.006045424843683836,0.026262625017949875,36.26461526457551,47.73896195918459,15.521799787973189
1,2026-04-28,10.0,79.75,0.39895450528375914,low,0.004772730434870458,0.018931553335625104,35.75885396644077,51.65158312888626,15.661251442585897
1,2026-04-28,10.0,80.0,0.39773757417776157,low,0.003922589231131995,0.012698943174717607,36.01786820841618,49.88651172868262,16.059307108105425
1,2026-04-28,10.0,80.25,0.38871741300676027,low,0.0015380361337272693,0.006374975694467597,35.391943611864,51.86236106809057,15.760283091306075
1,2026-04-28,10.0,80.5,0.3860358006836895,low,0.00018762845204677394,0.0020611566111631723,35.782428548993984,51.519801400656945,16.768420464511042
1,2026-04-28,10.25,76.0,0.3995350990166939,low,0.02243895024741817,0.04586749015448082,36.19052382252503,48.650540697079194,17.053043586269325
1,2026-04-28,10.25,76.25,0.4004494286256163,medium,0.03685794865113466,0.0638979898951792,35.54092643463146,52.95170312656602,16.477755902979684
1,2026-04-28,10.25,76.5,0.4065688366279863,medium,0.023119059495326326,0.07650956982580576,36.74538116466217,48.872427767837415,16.06623142725523
1,2026-04-28,10.25,76.75,0.42897461250628155,medium,0.030901591076333158,0.14249192202901786,36.60882394531089,47.89445417755566,15.805027938339261
1,2026-04-28,10.25,77.0,0.7507194226473277,high,0.16314669553807346,0.31287201802201864,36.53055499091711,45.52140198215935,14.015675991157444
1,2026-04-28,10.25,77.25,0.818367353814707,high,0.3676823957404378,0.48246697176946346,37.74570141491019,43.308822463523526,13.732772682879107
1,2026-04-28,10.25,77.5,0.8124149788827617,high,0.34634470025528435,0.47757900658000363,37.65835878769461,41.34011524284099,13.638750531208219
1,2026-04-28,10.25,77.75,0.7488943959073835,high,0.1658071868951072,0.324657752789267,36.846338779845254,47.06186049718669,13.724692710848382
1,2026-04-28,10.25,78.0,0.4479254237973563,medium,0.06181603524768866,0.1795148997461813,36.55375327585645,48.61308383162953,13.07485761083059
1,2026-04-28,10.25,78.25,0.4385840895391556,medium,0.025396934527178592,0.10480401525941661,36.081202327391324,49.32836309156021,12.228314627184105
1,2026-04-28,10.25,78.5,0.4291302166457881,medium,0.022320549088069002,0.08261650729994222,36.09199618930309,48.41359922889048,13.738802783152872
1,2026-04-28,10.25,78.75,0.43017758508556614,medium,0.037505969110780586,0.08069102966517351,36.26717548404943,49.94489129378823,13.42118775412488
1,2026-04-28,10.25,79.0,0.42225836761368146,medium,0.03079235725997162,0.07225103768010636,36.21906950740011,49.57329760792132,14.040893723627903
1,2026-04-28,10.25,79.25,0.42090580404158545,medium,0.02533476337006232,0.058074038981557316,36.138111550915234,47.321573651880165,14.800688321781102
1,2026-04-28,10.25,79.5,0.4088781051779455,medium,0.024387978847386294,0.04607588325368067,36.11313313465999,50.749139640816054,15.752988196346779
1,2026-04-28,10.25,79.75,0.40165745072577264,medium,0.015013159273668964,0.03186565004580004,36.24067634211636,49.2394286547376,15.283465679979985
1,2026-04-28,10.25,80.0,0.39732134359934274,low,0.003994791761915296,0.01593995681152845,36.13772443811586,50.37499418765493,15.8362625073258
1,2026-04-28,10.25,80.25,0.38837372852347596,low,0.0004057743533349506,0.0053162852153181865,35.55526123351774,49.741344722603145,15.685379399115883
1,2026-04-28,10.25,80.5,0.38585497225301496,low,2.0677288640082415e-05,0.001167228042986555,35.66547019846886,50.53198661926475,16.638347102154476
1,2026-04-28,10.5,76.0,0.4121360050744834,medium,0.04137014230519548,0.06355737693625933,36.33431933208809,49.334062672376646,16.30892709026066
1,2026-04-28,10.5,76.25,0.4135363521111195,medium,0.05212689998365075,0.08947965078023312,36.44152691171605,49.05231250843378,16.19795287790972
1,2026-04-28,10.5,76.5,0.4167932040760626,medium,0.035260029937362034,0.10749514673653729,36.18257021208044,48.836350404207884,16.258457138374276
1,2026-04-28,10.5,76.75,0.4381841918329192,medium,0.04283031775621394,0.16141823633898697,36.093530095688614,47.80609462711543,15.6386493082278
1,2026-04-28,10.5,77.0,0.7443309238433542,high,0.15607415394994803,0.2907540531797313,36.87083808414127,47.8149671128726,15.43629034253202
1,2026-04-28,10.5,77.25,0.79338320462874,high,0.2953112472827365,0.40978684290638423,37.3115019042473,44.626552620471436,14.693938028790333
1,2026-04-28,10.5,77.5,0.7742814505061064,high,0.2415704733282451,0.3811126325568052,36.54546027536498,45.46029381675575,14.62792667078658
1,2026-04-28,10.5,77.75,0.7128796963662257,high,0.09846278111683102,0.23659944030173755,36.450707294574315,49.283643665158166,13.27583392901233
1,2026-04-28,10.5,78.0,0.4285630346245481,medium,0.026729670796992774,0.11063591131624373,35.63319409209336,48.72195781370846,13.749359810458964
1,2026-04-28,10.5,78.25,0.4136914000743014,medium,0.007510867110422645,0.0564213996343171,35.73728187603055,50.88133338560425,12.548161524596555
1,2026-04-28,10.5,78.5,0.4144915000827363,medium,0.008598352921241238,0.0601026608307766,35.885586248153814,49.46160283373739,12.899858835801872
1,2026-04-28,10.5,78.75,0.43245888795200327,medium,0.024139230730817994,0.09201496545517081,36.45794245094536,48.5320491264715,13.376930737467703
1,2026-04-28,10.5,79.0,0.4421478807173622,medium,0.031937202811439504,0.10985837715414001,35.438065670548056,51.28104495258392,14.727770133569221
1,2026-04-28,10.5,79.25,0.4354663890418614,medium,0.03339819610587714,0.09823336574384284,35.90411976605532,48.3772354799606,14.091169493434636
1,2026-04-28,10.5,79.5,0.4251476990423608,medium,0.03865346210726997,0.0762675321246252,36.1477442956424,53.28221174484182,15.06052216902711
1,2026-04-28,10.5,79.75,0.41006532673678303,medium,0.02741183199031192,0.05124563585823726,36.06675516022188,53.529790207283554,15.484145402666869
1,2026-04-28,10.5,80.0,0.4032888076941067,medium,0.007284018936015773,0.02477574731448807,36.02601968564057,47.636712320302294,15.79919259737308
1,2026-04-28,10.5,80.25,0.3883646112939374,low,0.0006157573963316454,0.007503836808516748,35.45798523175467,52.206039339333635,15.876355071774348
1,2026-04-28,10.5,80.5,0.38588692668730046,low,1.6436725893167372e-05,0.0013517075003687145,35.68403551824764,49.821738191054855,16.1770079282724
1,2026-04-28,10.75,76.0,0.41824868485326566,medium,0.03274426813096675,0.07930607393304903,35.664276110457074,50.61999290428053,16.354486678532908
1,2026-04-28,10.75,76.25,0.42474626051302244,medium,0.04536791625122053,0.14694638531831186,36.3445298146759,49.17167465706584,16.844987696758643
1,2026-04-28,10.75,76.5,0.45715580488965024,medium,0.05969566167279241,0.2050847114197838,36.101730433093024,44.54017743644628,15.606089440986413
1,2026-04-28,10.75,76.75,0.43325805357626435,medium,0.05690337670921272,0.2192894297431443,36.17674143294802,48.09270216281871,14.979121999699338
1,2026-04-28,10.75,77.0,0.44831419906179937,medium,0.0647128430956918,0.22236325985216196,36.24315604146454,49.69907476992264,15.43906654533569
1,2026-04-28,10.75,77.25,0.6459461649123639,medium,0.08555145763951047,0.23139492813978854,35.873040820911804,47.95386007779944,14.845879746514878
1,2026-04-28,10.75,77.5,0.44386208086119805,medium,0.060167221357757636,0.1967272070374634,36.265223818875384,50.84969056383647,14.122609463838426
1,2026-04-28,10.75,77.75,0.42899537287504175,medium,0.024526349924965794,0.12268397351799314,35.58049928067589,48.34851930940207,13.464641685537226
1,2026-04-28,10.75,78.0,0.40386320056842556,medium,0.010274789352588187,0.06462630030169891,35.77893383242665,52.83869399525089,12.087099806071103
1,2026-04-28,10.75,78.25,0.41068394360069643,medium,0.007730564322966017,0.053090174436885094,35.492638523949005,50.31602152607113,12.45762210070899
1,2026-04-28,10.75,78.5,0.43572647590843305,medium,0.020086755495477872,0.1014911888101211,36.16727602078214,47.82000780383055,12.98234341315443
1,2026-04-28,10.75,78.75,0.47003071072615127,medium,0.07335451301464727,0.1915374122259628,36.13562848733336,48.966593508799576,13.052940813699552
1,2026-04-28,10.75,79.0,0.7258249149537733,high,0.11038913117692303,0.2383918249434335,36.83066773606395,49.77254091395502,13.503534880702743
1,2026-04-28,10.75,79.25,0.4645981205512266,medium,0.06676029172589626,0.19661037587337715,35.5032560332158,48.446018454338116,15.26713116027177
1,2026-04-28,10.75,79.5,0.44495858949896583,medium,0.043674444423656616,0.1285044274023196,36.314105403402074,49.4999136515267,14.136861355976812
1,2026-04-28,10.75,79.75,0.4226793078462109,medium,0.034433338436330056,0.077505686836427,36.03239063655113,50.028746016791246,15.426550929937408
1,2026-04-28,10.75,80.0,0.4085657288231517,medium,0.011653188270502768,0.03755742300960416,35.7445324911052,47.462036478530415,15.415220586321713
1,2026-04-28,10.75,80.25,0.38824413989674766,low,0.0013586575505923025,0.011894513090537798,36.203563541355,53.757354325878545,16.28104690438965
1,2026-04-28,10.75,80.5,0.3856547887929481,low,5.1459287605864346e-05,0.0022357722526823508,35.16009114819518,53.70656212121301,16.13977540883634
1,2026-04-28,11.0,76.0,0.4291702360210131,medium,0.02212801297124944,0.12236644294254977,35.783056227850174,51.509367636061725,17.332252965213122
1,2026-04-28,11.0,76.25,0.7189898081035516,high,0.08901853237772579,0.3053116341896508,36.613592392604424,47.310763114042516,16.237991483084382
1,2026-04-28,11.0,76.5,0.7759342890359233,high,0.2162836726392133,0.478103781392478,37.03044660265568,43.869601989654036,16.646762845049725
1,2026-04-28,11.0,76.75,0.7714427425093296,high,0.17941841206007333,0.4463687836448674,36.627026220650706,43.92263279524495,16.05335718614488
1,2026-04-28,11.0,77.0,0.6825237017491499,medium,0.05217883322935343,0.2663575935135558,36.300585155797314,49.65190148907617,14.646082303481673
1,2026-04-28,11.0,77.25,0.4282950899327561,medium,0.015601621784592347,0.13942632637874605,35.640728788997286,50.40158324159154,14.15476927148612
1,2026-04-28,11.0,77.5,0.41579255185522024,medium,0.016100203261521874,0.09555836641896731,35.55389091643298,48.162136996518186,13.577661880356617
1,2026-04-28,11.0,77.75,0.4135886400251819,medium,0.023622520989401673,0.07715414268244558,35.42848076682399,49.31213494585271,13.26003796769191
1,2026-04-28,11.0,78.0,0.40512950077800314,medium,0.022976586278043803,0.0656977838066936,35.879882804769714,50.603702587997255,13.745768847677947
1,2026-04-28,11.0,78.25,0.43127865841931357,medium,0.021711214636498003,0.08785183823393454,35.725127508501664,49.072925104140836,13.463286051077983
1,2026-04-28,11.0,78.5,0.46248706982489796,medium,0.05852946227516791,0.1935542401684925,36.65238316168375,49.27780513405923,12.799926049218598
1,2026-04-28,11.0,78.75,0.7689182403638344,high,0.19955734400059388,0.36308151929597354,36.79122537775894,48.08766187605395,13.958072785421585
1,2026-04-28,11.0,79.0,0.7992865826264108,high,0.29822095941342897,0.4423584927421033,36.465761182053974,46.43331667328242,13.928272282050878
1,2026-04-28,11.0,79.25,0.7587326400076901,high,0.17170623782878985,0.34977320070601325,36.70888447880596,46.593417777119996,14.28522866341692
1,2026-04-28,11.0,79.5,0.4682506488041837,medium,0.07695646855733086,0.20747901583375444,35.70181790805331,46.75427506958757,14.7883151542351
1,2026-04-28,11.0,79.75,0.4456817599134928,medium,0.05663087272869933,0.1115105594574441,35.66527999525494,50.69877534877363,15.633609857837532
1,2026-04-28,11.0,80.0,0.4125568228756118,medium,0.022241514273790706,0.05136508680521168,35.5878284662576,48.58254432458606,14.904884956101514
1,2026-04-28,11.0,80.25,0.38819987451445803,low,0.002928477838105638,0.016321533579661058,35.1307600311755,50.17318186523383,16.046072541701896
1,2026-04-28,11.0,80.5,0.383406632001675,low,0.00011921425989426381,0.0031378076054853054,35.25825216887963,50.08146119943007,16.39217313961455
1,2026-04-28,11.25,76.0,0.4418147938428166,medium,0.040251486102927864,0.18588011047527978,35.553340333036004,48.19638194458242,17.175950683937003
1,2026-04-28,11.25,76.25,0.7763186456648441,high,0.24841262070857287,0.516925288619624,36.87600780227523,43.500981410617136,16.696689695069903
1,2026-04-28,11.25,76.5,0.9180943755166706,high,0.6650478487460663,0.840322893626391,38.16888417305185,37.79484359605635,16.359321102025987
1,2026-04-28,11.25,76.75,0.8914393310133691,high,0.5551312350597007,0.7760018087179282,37.85523682913313,38.248091414245394,15.754152485806602
1,2026-04-28,11.25,77.0,0.7642926533155642,high,0.14432594189797276,0.41684193780918366,36.92868072726491,42.6728419613194,15.18540679403452
1,2026-04-28,11.25,77.25,0.43403452482129745,medium,0.026007746742801843,0.1621976973266554,35.81646287535096,49.78294378120152,14.24032972858776
1,2026-04-28,11.25,77.5,0.4216599081378126,medium,0.03771710025511387,0.09654652718139116,35.63922743811649,50.76915010538941,14.24618027382789
1,2026-04-28,11.25,77.75,0.4301673694793697,medium,0.055635406012531106,0.09804015375758364,35.852755672454336,50.68256572567688,13.530333077698101
1,2026-04-28,11.25,78.0,0.42583029693157176,medium,0.04268647220978541,0.10258375605993415,36.06095127809346,48.590354531133194,13.01555401703758
1,2026-04-28,11.25,78.25,0.4480549088751924,medium,0.034234610561178914,0.14412677198258786,36.02239150201201,48.839840632234214,11.849830599747543
1,2026-04-28,11.25,78.5,0.7295620069394658,high,0.09951698290386184,0.2936552361434224,35.7916308085726,46.17541126616702,13.512379851378245
1,2026-04-28,11.25,78.75,0.8011699898016031,high,0.30611785935277747,0.5118245156781719,37.04857724301291,43.95128607007225,13.097452213624729
1,2026-04-28,11.25,79.0,0.8394817024824083,high,0.41629144857637923,0.5975692116886437,37.475695668159865,38.31640169802582,13.943032916481565
1,2026-04-28,11.25,79.25,0.7910263224069592,high,0.2564188501702399,0.4646195319275294,36.98783913283899,42.97628750775859,15.205893303040185
1,2026-04-28,11.25,79.5,0.730180040547803,high,0.11768487850980873,0.26809647729416103,36.008568539213954,48.88136015972161,15.239669837310982
1,2026-04-28,11.25,79.75,0.45164178200249294,medium,0.06269416633792578,0.13208968661333975,35.65916010174504,48.3667425331037,15.109502602978626
1,2026-04-28,11.25,80.0,0.407183324759995,medium,0.021221820903789504,0.054881585556332865,35.14501879248245,52.16556142323348,16.813824948743843
1,2026-04-28,11.25,80.25,0.3860872093070802,low,0.002638983049203765,0.01635400574157859,35.1700686166537,52.00658276735976,16.649759617793052
1,2026-04-28,11.25,80.5,0.385468083268095,low,0.00010362360340983782,0.0030547169728912843,34.910445984994894,48.381543931993306,16.305416322076685
1,2026-04-28,11.5,76.0,0.4491903571261665,medium,0.036746610001277304,0.18984393862662824,35.941366993914386,47.26430798901485,16.64701447914432
1,2026-04-28,11.5,76.25,0.7884743265191363,high,0.27570706671261636,0.5433178425335449,36.63009127362286,45.23800519398805,16.829712554330726
1,2026-04-28,11.5,76.5,0.9497402274005449,high,0.7826102314401623,0.8954119459538167,38.05824553519002,32.4034764127684,16.295991497281022
1,2026-04-28,11.5,76.75,0.9239630222574067,high,0.67289736918333,0.8351409098456467,38.10730375302966,35.42745926636031,15.663031939675557
1,2026-04-28,11.5,77.0,0.7786230184604545,high,0.18575066820256309,0.45692416913475353,36.472407514275,44.338437749046726,14.532005489237914
1,2026-04-28,11.5,77.25,0.4414508006972895,medium,0.04416097790695989,0.18997682451849018,35.402682592280065,48.79773532912531,14.550756237972625
1,2026-04-28,11.5,77.5,0.43551530707553787,medium,0.05566412194451336,0.12833469779383896,35.56333752152551,51.42268812230123,14.499787091622855
1,2026-04-28,11.5,77.75,0.44412255312551474,medium,0.07192873491081815,0.14145336433472894,35.33657930823739,47.46560388495442,14.493200148653122
1,2026-04-28,11.5,78.0,0.44474107305750576,medium,0.06507857253854392,0.15716303717540314,35.68439611584651,48.87405546412433,13.310996831724617
1,2026-04-28,11.5,78.25,0.4633639914678177,medium,0.06450764484116471,0.2097064814256757,35.66306621719007,49.12119522958585,12.709063541339921
1,2026-04-28,11.5,78.5,0.7548240112471715,high,0.15201145186873546,0.3625082114344602,36.22530013717514,45.13891439059308,12.9705060634481
1,2026-04-28,11.5,78.75,0.8051548982317464,high,0.3472680321806427,0.5533879152166721,36.78889591001334,40.652752278537804,13.72811233837524
1,2026-04-28,11.5,79.0,0.8357911449535285,high,0.3848945557558362,0.6016163407565226,36.87731450742368,40.42508728818872,13.197527215805104
1,2026-04-28,11.5,79.25,0.7844261812451582,high,0.23854070735224087,0.46473599139618094,36.60343376744434,42.03190006089625,14.241067232197633
1,2026-04-28,11.5,79.5,0.7300340240106628,high,0.11332599440177105,0.2758524632647995,35.459010123818686,46.88281334593504,14.808656679833218
1,2026-04-28,11.5,79.75,0.4437722362597354,medium,0.03935542689270149,0.1332151791172161,35.83596910527783,50.679869432868955,15.462436203696521
1,2026-04-28,11.5,80.0,0.4085648331287205,medium,0.00885674575540582,0.05082007950870386,35.076569284442954,49.649112851084006,15.73281498151842
1,2026-04-28,11.5,80.25,0.38713962182316847,low,0.0009267324948618254,0.014015038890383897,35.68417708561558,51.82283320570938,16.106873200604984
1,2026-04-28,11.5,80.5,0.3832915076232018,low,3.419102952173383e-05,0.0025519790411791476,35.26130969553964,48.191090822908926,16.449601820917458
1,2026-04-28,11.75,76.0,0.44067891027778494,medium,0.014151992360781174,0.1241784921348334,35.203866988015214,46.81089343727579,16.872574770911186
1,2026-04-28,11.75,76.25,0.733348966384321,high,0.10133474262874446,0.34000721805172085,35.71014022078602,47.93611443344689,16.612906250153383
1,2026-04-28,11.75,76.5,0.7982456881345348,high,0.2880224973642824,0.553492969503212,36.7999341835947,42.058204432786276,16.103033711127363
1,2026-04-28,11.75,76.75,0.7882316034133102,high,0.25427906411719214,0.5234678570324822,36.665091451021766,43.50106045059261,15.908254262830031
1,2026-04-28,11.75,77.0,0.7314957559744435,high,0.0904746491254167,0.31172222308599673,35.91535997463868,44.512988222058205,14.864444164705064
1,2026-04-28,11.75,77.25,0.4517519684605217,medium,0.051668623719522744,0.17616244949885002,35.643288713519134,47.191757086896025,14.849867072349696
1,2026-04-28,11.75,77.5,0.44300425368004037,medium,0.0567533898708215,0.1699331902536816,35.43338693782219,50.22857759814248,13.500017551420724
1,2026-04-28,11.75,77.75,0.45120761024487127,medium,0.08716365719566325,0.2031562078905075,35.84269192751138,47.89783563602571,13.553325307389262
1,2026-04-28,11.75,78.0,0.6815788167496563,medium,0.10793408387418849,0.2210662998384079,35.379140970190626,48.49990399113719,13.841394881664463
1,2026-04-28,11.75,78.25,0.7199412024889482,high,0.11685470868357666,0.2608826398957586,35.64719180165375,47.08549387191141,12.418599401584508
1,2026-04-28,11.75,78.5,0.763046187175613,high,0.19591026175853216,0.3713432979174046,36.255600608494895,46.80490962396782,13.359000473088908
1,2026-04-28,11.75,78.75,0.8041311743566757,high,0.28248937647219613,0.4839515589771549,36.25702018296575,42.41343474258629,13.247308054012754
1,2026-04-28,11.75,79.0,0.7861074514234218,high,0.23436417013378064,0.48908843486840203,36.43626213516834,40.21646636856968,14.016856354307976
1,2026-04-28,11.75,79.25,0.7656393509670033,high,0.17071672901509527,0.39760676520704774,36.543297531755364,43.65448557382052,13.76530933826681
1,2026-04-28,11.75,79.5,0.730995809595121,high,0.11544458234199728,0.2744812510820104,35.76546488167373,47.662941104115724,15.604494385664132
1,2026-04-28,11.75,79.75,0.44841512425491337,medium,0.04529169535734054,0.15445973829163684,35.214645773155695,49.20843754295609,15.949145948750145
1,2026-04-28,11.75,80.0,0.4148099124905881,medium,0.01010019048955371,0.06606396562576046,35.39719439118059,49.78947062658883,15.461467310848999
1,2026-04-28,11.75,80.25,0.38869835547696935,low,0.001310086363074741,0.020418982678020368,34.6384616022009,52.44470265975661,15.784422904258465
1,2026-04-28,11.75,80.5,0.3856832113646279,low,7.310658020939137e-05,0.004298241666476911,34.822228612470674,50.14265808135075,15.985625248997922
1,2026-04-28,12.0,76.0,0.414258643346035,medium,0.02210956593100574,0.0762818593484519,35.25811856623707,48.31800883082218,16.941329024375868
1,2026-04-28,12.0,76.25,0.42794591415394073,medium,0.037759073813725924,0.15354424915496628,34.955714956300476,50.12670981550615,16.48387084876958
1,2026-04-28,12.0,76.5,0.4507473392742097,medium,0.04511643149956909,0.21521195923055172,35.40561588641219,47.112461615804726,16.19159046314836
1,2026-04-28,12.0,76.75,0.4358809573776731,medium,0.03525580088902239,0.2024488865585921,35.26923982295703,48.642463543072516,15.684956661843936
1,2026-04-28,12.0,77.0,0.44810529440478464,medium,0.038064954457480905,0.15530912960471557,35.61495892696675,46.832222515341016,14.636470375942157
1,2026-04-28,12.0,77.25,0.4596927219789181,medium,0.06745327073567003,0.16536532287731703,34.841894807170824,46.45789147044912,15.053042311932389
1,2026-04-28,12.0,77.5,0.7205697994188346,high,0.11393943262260112,0.23837015341854986,35.33056251728683,46.41816239134361,14.809796873517506
1,2026-04-28,12.0,77.75,0.7507517490399187,high,0.16027318609523303,0.2964542006167757,35.59627739456077,49.43792891524459,13.570728772174988
1,2026-04-28,12.0,78.0,0.7347901960200482,high,0.12970308645064454,0.2887067739524335,35.73212464012534,47.28679098960323,13.003803359750817
1,2026-04-28,12.0,78.25,0.7289767233158038,high,0.10480066400259422,0.2804756751544877,35.72856089924749,46.498222474340736,12.708143670830157
1,2026-04-28,12.0,78.5,0.7501899020194609,high,0.1526674263296819,0.3357223424548812,35.89270080002095,45.31349199478219,12.90717713677377
1,2026-04-28,12.0,78.75,0.7676044291553324,high,0.17675546179856008,0.3946926598948411,36.349192085404006,45.333389151716,13.888197754832825
1,2026-04-28,12.0,79.0,0.7598627976460378,high,0.1345908867637024,0.39721829323534236,36.090145457829244,45.4492657632003,14.351929871771745
1,2026-04-28,12.0,79.25,0.7589137970644714,high,0.15712861014601792,0.3701564215149968,35.50647295652716,46.45084447588008,14.682024640226285
1,2026-04-28,12.0,79.5,0.7556343068825409,high,0.16875121985362523,0.31747178771263207,35.34583046529439,48.880194854936086,14.740737319363912
1,2026-04-28,12.0,79.75,0.6773668777529858,medium,0.10248590913937625,0.2220825093842274,35.27621289226928,47.177326396332184,15.341306346600035
1,2026-04-28,12.0,80.0,0.4410672384017869,medium,0.038565667624585034,0.11636816526154856,34.9334046462525,53.092816596615776,16.199324154842483
1,2026-04-28,12.0,80.25,0.4007216335123267,medium,0.007591501132372395,0.043041171585004284,34.73596940748966,47.77668442311581,16.48455556413786
1,2026-04-28,12.0,80.5,0.3868326327256847,low,0.0005461388325020344,0.010442567578546077,35.062013848200614,51.24610736963588,16.760456518256404
1,2026-04-28,12.25,76.0,0.41620599574005895,medium,0.049318961993166516,0.07079561293093797,34.64307750196055,48.83889371926069,16.997353301478174
1,2026-04-28,12.25,76.25,0.4207535070135611,medium,0.05755385045857829,0.09004348025910516,35.18885930276123,50.30855067095215,16.882316958705246
1,2026-04-28,12.25,76.5,0.40930951458569753,medium,0.02328288793405376,0.08059734791342396,35.13103465480085,48.03435320237453,15.795969970362956
1,2026-04-28,12.25,76.75,0.4042824770816458,medium,0.006839417880783299,0.06613213277467501,34.760529926406406,49.040043117441435,15.071923018519957
1,2026-04-28,12.25,77.0,0.41420782088911134,medium,0.017916117484706236,0.08301663285337915,34.662297569754,49.96741778005452,14.904464725326399
1,2026-04-28,12.25,77.25,0.45470206959899234,medium,0.06331171695489347,0.16240728652331463,35.42536812962414,46.71174106721145,15.397421849238247
1,2026-04-28,12.25,77.5,0.7559617640316628,high,0.18055746664416947,0.29111213685487963,35.301748789423165,50.680783063810324,13.81602420922703
1,2026-04-28,12.25,77.75,0.7866566568028014,high,0.27045357011123555,0.37462252498805115,35.998478058530125,46.28069816008005,14.215092479077299
1,2026-04-28,12.25,78.0,0.7603153478325393,high,0.18082416968746032,0.3479132447860635,35.75551557737987,46.730024430960015,12.788487128241401
1,2026-04-28,12.25,78.25,0.7230615099147008,high,0.09385101021265072,0.305875508621343,35.82299116309974,47.221044361522225,12.814757702118948
1,2026-04-28,12.25,78.5,0.7456905295191798,high,0.1245027842599765,0.3460449816682978,35.700156867216776,46.680460081350745,13.351262883676437
1,2026-04-28,12.25,78.75,0.7640224931362247,high,0.16430134484327202,0.4110999940107712,35.81921764895489,44.69468768852236,13.36258919568263
1,2026-04-28,12.25,79.0,0.7685022655874767,high,0.16710706587455343,0.43032320557423004,36.15995593746266,44.99607073261706,13.703547718169967
1,2026-04-28,12.25,79.25,0.772863559293457,high,0.1973215886155977,0.4212790032127912,35.775929325941405,44.221348166916705,14.593991650524357
1,2026-04-28,12.25,79.5,0.7658804587264035,high,0.21329373796338696,0.3884625947244246,35.98001354060226,43.37203518543462,14.434045867300743
1,2026-04-28,12.25,79.75,0.7524163106992542,high,0.1687945752223691,0.30435402063549066,35.592775312667314,45.924009245574105,15.777583900322263
1,2026-04-28,12.25,80.0,0.4632922905279957,medium,0.0872518703040548,0.18137247290539993,35.15315393351785,50.294155563666656,15.52296668653319
1,2026-04-28,12.25,80.25,0.40940334096899195,medium,0.02104512153257599,0.07461257161860257,34.37655881823525,50.470597446826936,16.426393978717616
1,2026-04-28,12.25,80.5,0.388586267779531,low,0.001719046731070385,0.019462238888663465,34.628547621172615,53.119443092772705,16.42346364855133
1,2026-04-28,12.5,76.0,0.41458620820827496,medium,0.04626503821537354,0.06401265546958927,34.35346596403275,51.401999343256115,16.799546712713568
1,2026-04-28,12.5,76.25,0.40825633410239653,medium,0.049555195881943744,0.06864735811359919,34.80072508081534,53.10474681134474,16.341013349663918
1,2026-04-28,12.5,76.5,0.3911171643968081,low,0.015932983643868085,0.04628762208519452,35.21590942463892,50.71911159027132,16.362571181934218
1,2026-04-28,12.5,76.75,0.38868047814718454,low,0.003685306195684756,0.03418870519329037,34.44290392853927,50.871999021334666,15.746309826557077
1,2026-04-28,12.5,77.0,0.4030878476635944,medium,0.011054387018066726,0.06136002065191293,34.83971538498899,49.66825446531236,14.565588015713333
1,2026-04-28,12.5,77.25,0.43377551132246633,medium,0.04401311367049933,0.1444510846365336,35.114625918517774,50.72560892900839,13.992860551083087
1,2026-04-28,12.5,77.5,0.7348987291493141,high,0.13577148534543423,0.27209448949605275,34.94695427670431,46.21916358601623,13.653688844302737
1,2026-04-28,12.5,77.75,0.7709481725464844,high,0.2309113952076308,0.36383705249900594,35.82092082981551,45.969384890775494,13.346380577770537
1,2026-04-28,12.5,78.0,0.762104591840574,high,0.19549507931607166,0.3624068932492819,35.48375688480621,42.905133491561465,13.688435030230874
1,2026-04-28,12.5,78.25,0.7482177849694214,high,0.12603007535046842,0.35917181219607236,35.34847793866892,45.156621418239716,12.864804025886627
1,2026-04-28,12.5,78.5,0.7768305941057148,high,0.19348759846494645,0.4467802835253653,36.00747047427954,46.30594752273295,13.526788255875196
1,2026-04-28,12.5,78.75,0.7985281802842883,high,0.2996971423096388,0.542992893596903,36.00099025632521,43.12030100907398,13.184354830700277
1,2026-04-28,12.5,79.0,0.7991969759696759,high,0.301266321872833,0.5455513255579508,36.02265600650185,44.24867468305836,13.847415853763273
1,2026-04-28,12.5,79.25,0.794333908058502,high,0.25022568923940297,0.4878642057177901,36.166923351622785,42.67123762036498,14.228817014874549
1,2026-04-28,12.5,79.5,0.7759244106667957,high,0.2211116041574906,0.42989208011754504,36.13392309932043,43.991890500298226,14.215328919223829
1,2026-04-28,12.5,79.75,0.7628118679017766,high,0.1955590100754845,0.3535258339811425,35.56878850258653,43.04527838704279,15.820837702640233
1,2026-04-28,12.5,80.0,0.7124878168328995,high,0.1138548911718199,0.22856121767113666,35.31966625646704,47.491308218079745,15.307609943851114
1,2026-04-28,12.5,80.25,0.4220902701020611,medium,0.029243373525850127,0.10015056838254591,34.30594983455674,50.81580673454496,15.691917380984007
1,2026-04-28,12.5,80.5,0.38763249117996507,low,0.0025076614683725925,0.027135640614914518,34.45879282942169,50.41211876821696,16.787952243184147
1,2026-04-28,12.75,76.0,0.3978542256165428,low,0.024312826324682287,0.04139912737769599,34.51408821316309,50.544395478443974,17.276622081566142
1,2026-04-28,12.75,76.25,0.38867230332290564,low,0.021437682697697125,0.04213215449704051,34.15088216777548,49.080134491079,16.731684507755805
1,2026-04-28,12.75,76.5,0.38437816843835004,low,0.006640288490479222,0.02941551023720382,34.51631786784149,49.47476948606388,16.158446141370604
1,2026-04-28,12.75,76.75,0.3847439905537424,low,0.008364169894791057,0.03013485350678867,34.41891124959131,50.66507038495768,16.13268976876835
1,2026-04-28,12.75,77.0,0.39986064887118233,low,0.02375582927874913,0.058896520138695056,34.51147467438588,51.290089243504504,14.791820215588807
1,2026-04-28,12.75,77.25,0.42567382134919407,medium,0.05133352601952938,0.12017123321071413,34.95125917417608,48.74343770409506,13.887016303464907
1,2026-04-28,12.75,77.5,0.6261412540305441,medium,0.10063849731642542,0.20610269736718823,35.251622336912135,48.85875639303637,14.373852062526064
1,2026-04-28,12.75,77.75,0.7369994392293912,high,0.14464752654794164,0.2770292444246777,34.79070405237559,48.32692001119066,13.544779971954595
1,2026-04-28,12.75,78.0,0.7470329136212103,high,0.1523931952677228,0.31412254397451184,35.04945312217209,45.51462179516272,13.50712790710463
1,2026-04-28,12.75,78.25,0.7608374442203029,high,0.17050894414076262,0.3842482555899767,35.580964849738834,43.57440736531337,13.596305418532168
1,2026-04-28,12.75,78.5,0.8053251293755066,high,0.32148539160129747,0.5233052390583227,35.8901958123855,39.31591615355313,13.51413173425824
1,2026-04-28,12.75,78.75,0.8494378989147928,high,0.4322293868162747,0.6143873897528622,36.90399855546983,40.959765883104346,13.656832699513755
1,2026-04-28,12.75,79.0,0.8154405844570506,high,0.35501181794940995,0.5669255375649752,36.43647001078298,40.685340303775,13.731186054345988
1,2026-04-28,12.75,79.25,0.7814233074651721,high,0.22893561771887538,0.4599564438089629,35.4651499516724,43.99443904945702,14.881384717413454
1,2026-04-28,12.75,79.5,0.7646318880829202,high,0.1915289251618962,0.39286550327408865,35.26778327220083,44.00478857735473,15.316448167019567
1,2026-04-28,12.75,79.75,0.7656172005629971,high,0.21003856340791202,0.3414880842943836,35.02286018097777,45.10878803863953,15.659990783710862
1,2026-04-28,12.75,80.0,0.7211633825929684,high,0.13854699699092304,0.23610054695228558,35.12578801414404,47.773803689538916,15.879958472800086
1,2026-04-28,12.75,80.25,0.42262592058844484,medium,0.03587122670665678,0.1078065670651924,34.3988722380035,48.991020053831434,15.842901167937114
1,2026-04-28,12.75,80.5,0.3884535115949934,low,0.0030519392705072603,0.02977343753968892,34.142716537181784,52.122147567713405,16.787774732123875
1,2026-04-28,13.0,76.0,0.39424226094142756,low,0.009233355865789536,0.01907136810230271,33.7969488051281,49.66674110453222,17.38787385948225
1,2026-04-28,13.0,76.25,0.38496524335079707,low,0.006594436508192491,0.019079701453333757,34.3968752778424,49.89896920159568,16.112191389471064
1,2026-04-28,13.0,76.5,0.3841041808011975,low,0.003117521047780474,0.016930256630281283,33.92867397549591,50.26679396604033,16.220988941507485
1,2026-04-28,13.0,76.75,0.3847767432073116,low,0.01282708029728772,0.02681395368696502,33.921515680926724,51.26014343661579,16.350686755452394
1,2026-04-28,13.0,77.0,0.3983205847835055,low,0.0315214382687713,0.051677797768132756,33.733212281701434,48.68461955333581,15.34343785670804
1,2026-04-28,13.0,77.25,0.415451538193539,medium,0.04767677097667879,0.08738544759347784,34.48444133173582,51.28655948882705,14.865781225135667
1,2026-04-28,13.0,77.5,0.44078596621238747,medium,0.06550488540589511,0.1287548462961038,34.561525552981344,46.53413779823455,14.231649028850985
1,2026-04-28,13.0,77.75,0.4435330465357712,medium,0.07305856692032651,0.1675210658932057,34.80754864446346,48.269850429050216,14.026030335271109
1,2026-04-28,13.0,78.0,0.6225684943859731,medium,0.09003843007159086,0.21422202365185286,35.14267950826927,48.3106373914242,14.558714680248151
1,2026-04-28,13.0,78.25,0.7448096985968985,high,0.1510625087026839,0.30648332975952675,35.10778208056703,44.167148277644145,12.504141620181313
1,2026-04-28,13.0,78.5,0.7945064485776269,high,0.2795708247307191,0.42802030838513117,35.424479554461676,44.43736235062771,12.794608536639537
1,2026-04-28,13.0,78.75,0.8057714167733676,high,0.2900311300433324,0.4713539271346205,35.19278421767835,44.480368102440615,13.667502614722235
1,2026-04-28,13.0,79.0,0.7634686934434829,high,0.18810859761415402,0.3997925628880161,35.35967344463798,45.20896038029918,13.562161018508968
1,2026-04-28,13.0,79.25,0.7348784268540703,high,0.12043705773767782,0.3073564693783298,35.10991847563229,46.37699755835039,14.086667708656563
1,2026-04-28,13.0,79.5,0.7352578565181008,high,0.12358801502386224,0.2700031612006436,34.9951042340481,46.78765195132106,14.467266830437561
1,2026-04-28,13.0,79.75,0.7400529584144501,high,0.16349428198426527,0.2521314300723599,34.386816085324384,46.83970805727448,15.331510776481714
1,2026-04-28,13.0,80.0,0.46951793411606235,medium,0.11410290532775459,0.1833981089640602,35.04253595821345,49.38144881144198,14.918793600058361
1,2026-04-28,13.0,80.25,0.4139198219451464,medium,0.029495863562202167,0.08575198096745053,34.516820722472545,49.44525126003814,15.930652402786198
1,2026-04-28,13.0,80.5,0.38733468772345137,low,0.0024872060792712767,0.02387461752134026,34.04496629991076,50.06811648921526,16.1839544423968
1,2026-04-28,13.25,76.0,0.3893841248894252,low,0.00149412416838144,0.006179602985998307,33.86704671235958,52.20160398420454,16.671452270418555
1,2026-04-28,13.25,76.25,0.38437129819908816,low,0.0010235650810222088,0.006389854295908474,33.40883247423176,51.81433158473952,16.586189263121184
1,2026-04-28,13.25,76.5,0.38464182368252525,low,0.0010447665097959333,0.007906787206390571,34.0407510754889,52.44186010958421,16.134394766532836
1,2026-04-28,13.25,76.75,0.38610199671742784,low,0.00594050169075341,0.016210657236966762,33.881120566862776,49.23731453485535,15.5323556148479
1,2026-04-28,13.25,77.0,0.39263933991633154,low,0.013204865984872798,0.02998989253458792,33.704479506106814,52.17553444623366,15.271918869049918
1,2026-04-28,13.25,77.25,0.39246603185016077,low,0.015831573362099158,0.04451639759458802,34.613154227578235,50.1726155109911,14.464126456608458
1,2026-04-28,13.25,77.5,0.3963915032310841,low,0.01727654682578221,0.058020950833420924,34.52821195537975,48.9409718087959,14.106190866217236
1,2026-04-28,13.25,77.75,0.40396865569611295,medium,0.017836620776026105,0.07313542295468951,34.33641012164345,51.12295205879859,13.370298403089253
1,2026-04-28,13.25,78.0,0.4151865955553117,medium,0.027056677603926646,0.1020850071356324,34.21158317553798,50.09543398695848,13.30223151942042
1,2026-04-28,13.25,78.25,0.441404758383958,medium,0.05193360884881113,0.15830026082139512,34.04187390920983,47.2520331186538,12.647049902352975
1,2026-04-28,13.25,78.5,0.6294987047372749,medium,0.08774516961934055,0.21793439167354542,34.578981008089606,47.46530051539443,12.357996327510925
1,2026-04-28,13.25,78.75,0.6038552686306221,medium,0.07492248556371328,0.22426381182081148,34.71449807507801,48.69664588480918,13.518512927291816
1,2026-04-28,13.25,79.0,0.45069854282357336,medium,0.03926709611001926,0.17691604061580096,34.388235819895876,46.14234988062747,14.902539946856864
1,2026-04-28,13.25,79.25,0.4364727522442321,medium,0.02895508435118876,0.1338657988889001,34.28864245865193,49.987632497444984,13.750560027648035
1,2026-04-28,13.25,79.5,0.43608486919411105,medium,0.03689577390494526,0.125427802164004,34.340510742052146,48.982406106603534,14.885719702488341
1,2026-04-28,13.25,79.75,0.43790652142881303,medium,0.05094801608609282,0.12471358146329475,33.9849428550296,49.91176731006876,14.556468604117336
1,2026-04-28,13.25,80.0,0.42637128644218947,medium,0.035267207934416143,0.09336841805328172,34.43666524436521,46.56405069651394,16.413186195793347
1,2026-04-28,13.25,80.25,0.3942240304432705,low,0.009027411877001698,0.044091190818318284,34.33225595175654,52.70276532643637,16.99359854684719
1,2026-04-28,13.25,80.5,0.38988643367740156,low,0.0007572723513886145,0.012299682347311703,33.84029380045091,50.05514403544909,17.110709562771582
1,2026-04-28,13.5,76.0,0.3883262024327382,low,7.24628446515467e-05,0.0012993297591382237,33.575744193436655,50.234781009665646,17.46199140323603
1,2026-04-28,13.5,76.25,0.38095265342505275,low,5.21655548042081e-05,0.0014729487798373596,34.364397917302426,50.715212003194296,16.313019280495485
1,2026-04-28,13.5,76.5,0.38114182176840106,low,0.0001237748978251495,0.0024890671948351933,34.09272185887679,51.80704652497844,15.646573144008284
1,2026-04-28,13.5,76.75,0.38837236544949183,low,0.0007771791100440894,0.005738275765407337,33.13247829361724,50.794450956526944,14.917037683789085
1,2026-04-28,13.5,77.0,0.3899567329683343,low,0.0016300677410868714,0.010176930073844086,33.76556691474496,53.109115471123836,15.013274910033086
1,2026-04-28,13.5,77.25,0.3899204704385446,low,0.0016886616249509943,0.01379821631238403,33.51758942260411,50.55845986344956,14.964419765215704
1,2026-04-28,13.5,77.5,0.3910629316400766,low,0.0015603315321468488,0.016502690336323903,33.554400079571714,53.15820924214871,14.322979035679516
1,2026-04-28,13.5,77.75,0.391096071005846,low,0.0016038217602964617,0.020529278515005724,33.62653748087017,50.52109271673088,13.589282589461318
1,2026-04-28,13.5,78.0,0.3906244167466112,low,0.002915501833622777,0.030524820177527865,33.85814770129438,50.682365353697875,13.94684735675951
1,2026-04-28,13.5,78.25,0.4054955528850326,medium,0.00567954612557287,0.048968816626105055,33.85843196122629,48.19851666823264,12.247925110881368
1,2026-04-28,13.5,78.5,0.41261518412401077,medium,0.008784863846408393,0.06557637143719909,33.57796938698021,49.07422736824775,12.707761956014167
1,2026-04-28,13.5,78.75,0.4119668078306778,medium,0.006695219609751083,0.06354263219608643,33.62855708612722,50.653244151179784,13.901513329662995
1,2026-04-28,13.5,79.0,0.40567028853414505,medium,0.003004810633309018,0.04724908465918325,33.31070846610402,48.43120006828138,13.156644472043498
1,2026-04-28,13.5,79.25,0.4042970938541529,medium,0.002533739767792641,0.035961767240797554,33.833751062814564,52.97423401347382,13.867038844199838
1,2026-04-28,13.5,79.5,0.4013817459504564,medium,0.003665367113046795,0.03611853451681544,33.936096906077545,50.900054391992654,14.800429817464408
1,2026-04-28,13.5,79.75,0.3993897628614733,low,0.005006636172356903,0.037472183530779635,34.1071913948376,50.07393072297282,15.561026637602783
1,2026-04-28,13.5,80.0,0.39514832072245476,low,0.0033848585045779147,0.028400029421808713,34.116226194709775,50.57126715300228,16.013625236277367
1,2026-04-28,13.5,80.25,0.39251687739128316,low,0.0008553978588045408,0.013434471757102545,33.828752614964024,53.24211958920584,16.706834297129824
1,2026-04-28,13.5,80.5,0.3882819988956454,low,7.139962882277837e-05,0.003743147072886992,33.66311796471391,52.11776132844663,16.879726398646554
